<?xml version="1.0" encoding="UTF-8"?>
<project-private xmlns="http://www.netbeans.org/ns/project-private/1">
    <editor-bookmarks xmlns="http://www.netbeans.org/ns/editor-bookmarks/2" lastBookmarkId="0"/>
    <open-files xmlns="http://www.netbeans.org/ns/projectui-open-files/2">
        <group>
            <file>file:/C:/Users/namra/Desktop/MSIS%20NU/Sem%201/AED/FinalProject/myFinalProject/Final_ProjectVikram/src/UserInterface/DonorRole/EmergencyJPanel.java</file>
            <file>file:/C:/Users/namra/Desktop/MSIS%20NU/Sem%201/AED/FinalProject/myFinalProject/Final_ProjectVikram/src/UserInterface/DonorRole/DonorWorkAreaJPanel.java</file>
            <file>file:/C:/Users/namra/Desktop/MSIS%20NU/Sem%201/AED/FinalProject/myFinalProject/Final_ProjectVikram/src/UserInterface/ScientistRole/HurricanePredictionJPanel.java</file>
            <file>file:/C:/Users/namra/Desktop/MSIS%20NU/Sem%201/AED/FinalProject/myFinalProject/Final_ProjectVikram/src/UserInterface/ManagerRole/AcknowledgementJPanel.java</file>
            <file>file:/C:/Users/namra/Desktop/MSIS%20NU/Sem%201/AED/FinalProject/myFinalProject/Final_ProjectVikram/src/UserInterface/ScientistRole/ScientistWorkAreaJPanel.java</file>
            <file>file:/C:/Users/namra/Desktop/MSIS%20NU/Sem%201/AED/FinalProject/myFinalProject/Final_ProjectVikram/src/Business/WorkQueue/DonationWorkRequest.java</file>
            <file>file:/C:/Users/namra/Desktop/MSIS%20NU/Sem%201/AED/FinalProject/myFinalProject/Final_ProjectVikram/src/UserInterface/ManagerRole/ManagerWorkAreaJPanel.java</file>
            <file>file:/C:/Users/namra/Desktop/MSIS%20NU/Sem%201/AED/FinalProject/myFinalProject/Final_ProjectVikram/src/Business/DB4OUtil/DB4OUtil.java</file>
            <file>file:/C:/Users/namra/Desktop/MSIS%20NU/Sem%201/AED/FinalProject/myFinalProject/Final_ProjectVikram/src/UserInterface/ScientistRole/EarthquakePredictionJPanel.java</file>
            <file>file:/C:/Users/namra/Desktop/MSIS%20NU/Sem%201/AED/FinalProject/myFinalProject/Final_ProjectVikram/src/Business/WorkQueue/WorkRequest.java</file>
            <file>file:/C:/Users/namra/Desktop/MSIS%20NU/Sem%201/AED/FinalProject/myFinalProject/Final_ProjectVikram/src/UserInterface/ScientistRole/TsunamiPredictionJPanel.java</file>
            <file>file:/C:/Users/namra/Desktop/MSIS%20NU/Sem%201/AED/FinalProject/myFinalProject/Final_ProjectVikram/src/UserInterface/DonorRole/DriveThroughJPanel.java</file>
            <file>file:/C:/Users/namra/Desktop/MSIS%20NU/Sem%201/AED/FinalProject/myFinalProject/Final_ProjectVikram/src/UserInterface/DonorRole/DropOffJPanel.java</file>
            <file>file:/C:/Users/namra/Desktop/MSIS%20NU/Sem%201/AED/FinalProject/myFinalProject/Final_ProjectVikram/src/Business/Donation/Donation.java</file>
            <file>file:/C:/Users/namra/Desktop/MSIS%20NU/Sem%201/AED/FinalProject/myFinalProject/Final_ProjectVikram/src/Business/WorkQueue/EmergencyWorkRequest.java</file>
            <file>file:/C:/Users/namra/Desktop/MSIS%20NU/Sem%201/AED/FinalProject/myFinalProject/Final_ProjectVikram/src/Business/WorkQueue/NonEmergencyWorkRequest.java</file>
            <file>file:/C:/Users/namra/Desktop/MSIS%20NU/Sem%201/AED/FinalProject/myFinalProject/Final_ProjectVikram/src/Business/Enterprise/Enterprise.java</file>
            <file>file:/C:/Users/namra/Desktop/MSIS%20NU/Sem%201/AED/FinalProject/myFinalProject/Final_ProjectVikram/src/UserInterface/DonorRole/NonEmergencyJPanel.java</file>
            <file>file:/C:/Users/namra/Desktop/MSIS%20NU/Sem%201/AED/FinalProject/myFinalProject/Final_ProjectVikram/src/Business/WorkQueue/ScientistWorkRequest.java</file>
            <file>file:/C:/Users/namra/Desktop/MSIS%20NU/Sem%201/AED/FinalProject/myFinalProject/Final_ProjectVikram/src/UserInterface/DonorRole/MonetoryHelpJPanel.java</file>
            <file>file:/C:/Users/namra/Desktop/MSIS%20NU/Sem%201/AED/FinalProject/myFinalProject/Final_ProjectVikram/src/UserInterface/DonorRole/MonetoryDonationJPanel.java</file>
            <file>file:/C:/Users/namra/Desktop/MSIS%20NU/Sem%201/AED/FinalProject/myFinalProject/Final_ProjectVikram/src/Business/Enterprise/DonationMgmtEnterprise.java</file>
            <file>file:/C:/Users/namra/Desktop/MSIS%20NU/Sem%201/AED/FinalProject/myFinalProject/Final_ProjectVikram/src/UserInterface/DonorRole/NonMonetoryDonationJPanel.java</file>
        </group>
    </open-files>
</project-private>
